
{"deck" : [
      {"name": "S2",
          "value":[2] },
      {"name": "S3",
          "value":[3] },
      {"name": "S4",
          "value":[4] },
      {"name": "S5",
          "value":[5] },
      {"name": "S6",
          "value":[6] },
      {"name": "S7",
          "value":[7] },
      {"name": "S8",
          "value":[8] },
      {"name": "S9",
          "value":[9] },
      {"name": "S10",
          "value":[10] },
      {"name": "SJ",
          "value":[10] },
      {"name": "SQ",
          "value":[10] },
      {"name": "SK",
          "value":[10] },
      {"name": "SA",
          "value":[1, 11] },


            {"name": "D2",
          "value":[2] },
      {"name": "D3",
          "value":[3] },
      {"name": "D4",
          "value":[4] },
      {"name": "D5",
          "value":[5] },
      {"name": "D6",
          "value":[6] },
      {"name": "D7",
          "value":[7] },
      {"name": "D8",
          "value":[8] },
      {"name": "D9",
          "value":[9] },
      {"name": "D10",
          "value":[10] },
      {"name": "DJ",
          "value":[10] },
      {"name": "DQ",
          "value":[10] },
      {"name": "DK",
          "value":[10] },
      {"name": "DA",
          "value":[1, 11] }
   ,

            {"name": "C2",
          "value":[2] },
      {"name": "C3",
          "value":[3] },
      {"name": "C4",
          "value":[4] },
      {"name": "C5",
          "value":[5] },
      {"name": "C6",
          "value":[6] },
      {"name": "C7",
          "value":[7] },
      {"name": "C8",
          "value":[8] },
      {"name": "C9",
          "value":[9] },
      {"name": "C10",
          "value":[10] },
      {"name": "CJ",
          "value":[10] },
      {"name": "CQ",
          "value":[10] },
      {"name": "CK",
          "value":[10] },
      {"name": "CA",
          "value":[1, 11] }
,
            {"name": "H2",
          "value":[2] },
      {"name": "H3",
          "value":[3] },
      {"name": "H4",
          "value":[4] },
      {"name": "H5",
          "value":[5] },
      {"name": "H6",
          "value":[6] },
      {"name": "H7",
          "value":[7] },
      {"name": "H8",
          "value":[8] },
      {"name": "H9",
          "value":[9] },
      {"name": "H10",
          "value":[10] },
      {"name": "HJ",
          "value":[10] },
      {"name": "HQ",
          "value":[10] },
      {"name": "HK",
          "value":[10] },
      {"name": "HA",
          "value":[1, 11] }
  ]
}